Full Name,Rating,Team,Era
Clyde Drexler,96,All-Time Blazers,90s
Bill Walton,95,All-Time Blazers,70s
Damian Lillard,97,All-Time Blazers,2010s
Brandon Roy,92,All-Time Blazers,2000s
LaMarcus Aldridge,90,All-Time Blazers,2010s
Jermaine O’Neal,86,All-Time Blazers,2000s
Damon Stoudamire,86,All-Time Blazers,90s
Rasheed Wallace,89,All-Time Blazers,2000s
C.J. McCollum,88,All-Time Blazers,2010s
Nicolas Batum,84,All-Time Blazers,2010s
Zach Randolph,86,All-Time Blazers,2000s
Maurice Lucas,90,All-Time Blazers,70s
Clifford Robinson,85,All-Time Blazers,90s
Scottie Pippen,88,All-Time Blazers,2000s
Terry Porter,86,All-Time Blazers,90s